{"0xff99afcb2fc368bb97fa13c9d0ec89da979f5a00":11483568.862476408,"0xff15a6aed2c0aaf60c84f4eb7880e91cfc25464f":23119501605.72588,"0xfece700010d5bbdf911ad127ee13516e5ca72279":8445482152160933000,"0xfe6776498f7b814a6b7b69fc37cdf8a993b01708":79920006734.29112,"0xfe5882bb279538fbcf75fc3f0ac560e43c8a7a64":378009223.73419785,"0xfe4c05233543f2881ae4c54240fd4a190d495285":34747641216.73946,"0xfd9b2ce25b2d9d36f28f01bbcadc1010828f70bc":10828178315.308176,"0xfd599045a2b72e598bb7401be13b2686a7a42263":46325220257.70437,"0xfc7e5089daeae9a62261437ead0b2e5d430a685b":235149643533358560,"0xfbd9275bf42f21b7cb857e6c00ffcb99443718b5":703909620364928.4,"0xfa713713b1acd89a00e6b35512161630d5ea90de":10229479.48749716,"0xf94d160ae22a3d37a4fa9b33569f5c1e41ba1829":892141326521.8655,"0xf88055629b432d27966c02622df4d45b1348761b":1868027882.0948527,"0xf75cd3afd55213aebdc50de32cca25bf191df49a":12433275463.337835,"0xf6da9e9d73d7893223578d32a95d6d7de5522767":760169434969.7699,"0xf6ca829ea6f2e44e042ea418596027da435befa4":664754160463.7992,"0xf567361ff0bcdcad1252c8e2fb8e5d4a9bb4e266":24196711645362.516,"0xf528a8ad312a6330ec42591bc53954f021ee697e":540981172732.5985,"0xf4e6232d2f86bd3399d956b3892d6b1893e1e06e":49993486421.096504,"0xf46e825ab7ad0e5f5fe56fa855a90f56e9cfcd3c":3129646015.201865,"0xf2c73c2530cc3b5c30573195e979a247607a430c":159950605.3846986,"0xf17668ff22c63e63475d5f7dbdf7585d51e52c76":11193243342.547926,"0xf1230522f6b4d7104c8aa1f473daf5d117fb14cc":4819680415.6054325,"0xf0346594f2f4fe1959e32ec7178a156d9f447a8d":68897420145.4342,"0xf004830f1a3acb9d0d0d386690e45d140332124d":35496252288.29928,"0xee4641df6ca7a185ec582d01fb2bd4c4339dd323":43906529887.06099,"0xec9ebe950cad79fde4139714283145137ce24aad":411308226361.1673,"0xec76d5162bf832f12831ab118f5dbb58419d76c9":5263052778444.961,"0xec3b302d38d0446bbc039488cd4e206a2c0a2319":1649925530783.0168,"0xeb111b5c7ab37b1ffea132c60ceb70c91ab31146":101502340450.66794,"0xe9e6a3f4d2bd12624a90b23afb0f706e2c110b01":449713327742.92487,"0xe98d7b1bc56f9ee5596124ad05a9fccf45d85354":110053594999.42166,"0xe86fab7b022973d5449cb3d09ce13fd43b6522f4":723216453.8187896,"0xe780d954d6313270487cdb07a1f5b335d9971933":721098700869.8835,"0xe735e1aa65653c8a9611f7abdefc843904a91f81":1517937079.81929,"0xe7162333f3cc81d2e585a31cb08a0be83fa2c52f":98322212937.70189,"0xe639fa0647a2d9c61ea33b5deb0df3c7c0a68760":19855583111583474000,"0xe59ebbf4a10493cf5833f69cd142c71ccc72428c":1077933815.5474124,"0xe480fe484f94ae31297c9dc74d1f884bc0985800":111624129689.57935,"0xe063c36903856be3f289bd19b9d7072deeadc3be":1640370004.6846712,"0xdd70995447f309ef03c52aee6721063aa72b500e":9557984948.163347,"0xdd3917eb7bfc8015b20759ea426d537ab1cfb87c":8113462244.320533,"0xdc390004704c38ae53c86788e24330ddefc4f712":319987161639547140,"0xda731bb54d40e9cb389b094be994ed21cf529150":123635617821.0328,"0xd8de8efcfac16c277f18f7f019d0e8b8c2abbe08":644106692352671.5,"0xd817c1ea14ccd88cf3dba52269edec4667a575b5":255981435787.5757,"0xd782059de58ebe238592198b97f10e77a1eb6ca7":54308319296.33762,"0xd60f271a7669804f10001daf191b1f6dc733a0ca":70500512168.47511,"0xd5025a2071e9cdf36cd7bb9a22e9ae44f20cf530":729895404356.933,"0xd4a22c86cbcac289823df4b23833bee93fc880c4":2619230106.4450235,"0xd43f73b2c81e1fa55aaf7d7665481cbd0faab789":28177568431.183098,"0xd2080492c161628c962749f1c41ff6dc211feefa":6718997199412707,"0xd102b765f706004cf0b9d46952fb70b4a4604542":9136500077.008371,"0xd0c887edaaad7b0856b8f048fae4a53d80de4225":135220440399.32892,"0xcfed01b111deaca96d9595f9530fff2722e77e43":18623445258.122055,"0xcec176e7841b5634f5450c7e67321ee8d1945ea1":7818716420.397633,"0xcea5bcdd45b8f9f5d6c245f4001097d952006e8c":45685641350.93664,"0xcca6b5689d2003b292e6eb3adc18b14f62d021ec":4528175117.66909,"0xca408a157a606af7866de64c2ba95a9cdf385ddc":1687303325033.797,"0xc97327daacc4be88d5ab2e910eb4f82351711c28":803404780168.3073,"0xc83e08964b900f7b9ab03f662b6ff317866835cf":7615038614675.443,"0xc73df1e68fc203f6e4b6270240d6f82a850e8d38":192506581096723.44,"0xc6ba6bb819f1be84efeb2e3f2697ad9818151e5d":3232123457019180.5,"0xc618d8215180e283b17d7f709fed07b9b8e712b4":130463176333.3517,"0xc5b8421dd6c1e873ce22be3b5178bbadc979786c":4125336778.1467886,"0xc4f6a96846fcc8e773158e34d166a40b3bc19898":60171486284.10616,"0xc348b5dd7c64a47ef461cd325611b7b8155d16bc":655805123679.1107,"0xc152cd87af2b3774e93ed2ad2523c90c576db5fa":87143062949.19852,"0xc04bc1996320f27c0a6018cb370c9469a9dd3a4c":2911623568836.225,"0xc021849afaea04d019e2f8a422425f222cf11482":71180757668.00343,"0xbef1e07918ea598ec91a119d0b0e59950309d8ae":622441276455.2091,"0xbc14c6e767b48919f9a86bb06d43c994261ee1d3":2023124319101.906,"0xbbf15e008535cb93a7e2168038dc316c56faf791":107616668878.9735,"0xbac44698844f13cf0af423b19040659b688ef036":395270549.48031,"0xb97e9fa617c5ef5cbb5e1aceeb6d6e9ce0f52aa1":7586485977.921662,"0xb79c2a75cd9073d68e75ddf71d53c07747df7933":171280405620563.47,"0xb6f28ba5470f5009f905298658a95c6e991ae6d6":534065820985.2282,"0xb57d6e248f0cc14b90659efea2931497df3eae89":334801464300.84735,"0xb56c09901fcbad33a3d5447d5218123b92df5156":317403983830880.8,"0xb4c16e9fa59d1c91b53ebd963a46a2d62777515f":220192408133572000,"0xb39d9d81ce88aa1679f0570af6e452d50358ea3f":48385811526.64085,"0xb390f006cd3eb7bab476c99a1bda1b057af14967":772786972462.4749,"0xb36975e9eaeb2a97bd129252206a9541c4d0300f":201187202648.43887,"0xb2e9bc43653bddbfe3f5f00c1159d4be2f3d0b89":8610751600832295,"0xb28948dbccc9d3f3e2173beda1853afa8ebacc0a":34453370048.3121,"0xaf7274d75217ca23d986f2aea6ad9d74a8fd00d5":380804220161.16473,"0xaf4091e6c95c9a769f75c619f1a88556fe1faec6":126314405851.1656,"0xac7e04b9b3757cd94eaeec4abaa5b754ec2c0f88":28227430183.54356,"0xabba833e2c9f66254ad3632c08df78a629edab7e":1239704586660.782,"0xaa8fc0cc0f3b49746f49b0bbd6590462a2a31f68":679120909046.1707,"0xa937f63ba1d69fd7e022fd50628b6d8fcfbde52d":3960865798855.0713,"0xa825290063db885c9bbe51e138e5f6472b53290a":267509459825.53934,"0xa70d7f7b7ff356e904b5f7afe2f41e8f9005434e":20448166997442870,"0xa6cf9bf8ecaff5300e38c0169ff45bd9a5e15116":219381854845599650,"0xa6111e55f43b7122e5682c16c339d071cbf7201a":20375907312.91016,"0xa60d2ea517ef81c6ec9fc675c28b597bd0932332":6563834187.948293,"0xa5d5be9df1741bd5dc1ba6991bfa3adfa13f3ad5":190897918057.85962,"0xa47d61d81a23e50fa0bacd591f6cc79ac96241df":6342294.881779995,"0xa33372d205dafb97bbe5434b83fb2c9fef58320e":102346369085.45808,"0xa1b29e7db725f795cafed40223445b805f0c8a7e":64325291650862790,"0x25365e93c880681a92c91bac112018a763c09e50":37188778731458240000,"0x71a2040751c495c6a74c26d4506b3d545c249c80":15665827654097117000,"0xf0282b060bb97d392af2b62303156a36ec487d0a":3590785193496756000,"0x9ee059d06a9f8eddc16ed1d24160dc530dc75be7":2742490568567627300,"0x68bec8f529f8e51a6deb56354a4c692dd9a748b7":1252853382722299600,"0xaa2b2c0122d9902e41b60af819a2ed786e7981b6":1157378303772720600,"0xe036192f91eb033d1fe561fbe9eee91aa2a2b999":816770370582216400,"0x08b776a6907303558433be9b9583f21d41a58dfd":718033409973723900,"0x33df8226809c6d95adf488f990cbc7a495278779":426888266560596200,"0xfb1e69e257e6dd3018e2102ced4c6e044d0b2305":358078131034134100,"0x40bdefb6dae9e82165876250c3d4e15343184504":285431192534016450,"0xc558a7ad80ae26fbfa9ae507d53729840c91ae5d":97019726624519800,"0x982ebcde433607266e8c22a8d348a1cce2eddc21":73955956472746670,"0xd1bc3491d5fd54089593e6c00fed85a931696bac":34372058651136296,"0xee49b865670383a3877ef0cac97fb69a5d680bd4":24420318919502604,"0x664fd1a25eca57a02cc1d8249dee839b9fd7f755":18273290214499972,"0x73a91f97a8fae0de515b0df99a0a58b7c996e498":17338190460069114,"0xce871133d7dfb96f282b6f031bf32380b41af5e2":7435472390932855,"0xb3be1649cce25c2e72c56492efe4c515008a6e2c":6847604390879399,"0x9ade8e39f077a61960289c73c429792b3918c410":185142851625377.66,"0x2bf674b122d8a5b1219466c8a1dab91adc1b637f":557050628693.1786,"0x5372e56628399cd2d3a21eeaf394e82b1f0fab9c":242030243219.7436,"0x8eb441e80563e1b400981a2a4bd9678bd703dc31":16096822233508650000,"0x8355be55ccf2dee00ab5cc6d62f81ea97a8ff35d":4108513825169081300,"0x17f399b82f488d2ed876239853b94c4022e6c4af":3824745151243348000,"0x2cd6cbf97ccfa8fddd49c614cd8e3ce80131723c":3737518869400328000,