{"0xff99afcb2fc368bb97fa13c9d0ec89da979f5a00":4515556.191598548,"0xff15a6aed2c0aaf60c84f4eb7880e91cfc25464f":9091024630.378056,"0xfece700010d5bbdf911ad127ee13516e5ca72279":3320923070451819500,"0xfe6776498f7b814a6b7b69fc37cdf8a993b01708":31426055892.58107,"0xfe5882bb279538fbcf75fc3f0ac560e43c8a7a64":148640365.3702575,"0xfe4c05233543f2881ae4c54240fd4a190d495285":13663428716.357193,"0xfd9b2ce25b2d9d36f28f01bbcadc1010828f70bc":4257844197.568838,"0xfd599045a2b72e598bb7401be13b2686a7a42263":18215951431.404152,"0xfc7e5089daeae9a62261437ead0b2e5d430a685b":92465280507240290,"0xfbd9275bf42f21b7cb857e6c00ffcb99443718b5":276790555668245.12,"0xfa713713b1acd89a00e6b35512161630d5ea90de":4022424.3208080456,"0xf94d160ae22a3d37a4fa9b33569f5c1e41ba1829":350806817180.0386,"0xf88055629b432d27966c02622df4d45b1348761b":734543839.867538,"0xf75cd3afd55213aebdc50de32cca25bf191df49a":4888998707.527248,"0xf6da9e9d73d7893223578d32a95d6d7de5522767":298912977206.1937,"0xf6ca829ea6f2e44e042ea418596027da435befa4":261393889406.16895,"0xf567361ff0bcdcad1252c8e2fb8e5d4a9bb4e266":9514603960366.64,"0xf528a8ad312a6330ec42591bc53954f021ee697e":212724013246.46912,"0xf4e6232d2f86bd3399d956b3892d6b1893e1e06e":19658382959.85721,"0xf46e825ab7ad0e5f5fe56fa855a90f56e9cfcd3c":1230635914.718235,"0xf2c73c2530cc3b5c30573195e979a247607a430c":62895598.46400398,"0xf17668ff22c63e63475d5f7dbdf7585d51e52c76":4401394660.62797,"0xf1230522f6b4d7104c8aa1f473daf5d117fb14cc":1895189356.548915,"0xf0346594f2f4fe1959e32ec7178a156d9f447a8d":27091766690.38356,"0xf004830f1a3acb9d0d0d386690e45d140332124d":13957796726.577126,"0xee4641df6ca7a185ec582d01fb2bd4c4339dd323":17264876701.907707,"0xec9ebe950cad79fde4139714283145137ce24aad":161734161931.69824,"0xec76d5162bf832f12831ab118f5dbb58419d76c9":2069531742302.1768,"0xec3b302d38d0446bbc039488cd4e206a2c0a2319":648781876627.7012,"0xeb111b5c7ab37b1ffea132c60ceb70c91ab31146":39912637080.44571,"0xe9e6a3f4d2bd12624a90b23afb0f706e2c110b01":176835773054.02966,"0xe98d7b1bc56f9ee5596124ad05a9fccf45d85354":43275151854.394165,"0xe86fab7b022973d5449cb3d09ce13fd43b6522f4":284382367.2523452,"0xe780d954d6313270487cdb07a1f5b335d9971933":283549626729.042,"0xe735e1aa65653c8a9611f7abdefc843904a91f81":596881525.2515154,"0xe7162333f3cc81d2e585a31cb08a0be83fa2c52f":38662150887.398926,"0xe639fa0647a2d9c61ea33b5deb0df3c7c0a68760":7807590241092321000,"0xe59ebbf4a10493cf5833f69cd142c71ccc72428c":423863932.63037395,"0xe480fe484f94ae31297c9dc74d1f884bc0985800":43892715753.567444,"0xe063c36903856be3f289bd19b9d7072deeadc3be":645024463.4390488,"0xdd70995447f309ef03c52aee6721063aa72b500e":3758380178.7708263,"0xdd3917eb7bfc8015b20759ea426d537ab1cfb87c":3190366572.5520744,"0xdc390004704c38ae53c86788e24330ddefc4f712":125824994735826690,"0xda731bb54d40e9cb389b094be994ed21cf529150":48615859716.933685,"0xd8de8efcfac16c277f18f7f019d0e8b8c2abbe08":253274915028870.25,"0xd817c1ea14ccd88cf3dba52269edec4667a575b5":100656734618.5484,"0xd782059de58ebe238592198b97f10e77a1eb6ca7":21355056729.520554,"0xd60f271a7669804f10001daf191b1f6dc733a0ca":27722132747.32631,"0xd5025a2071e9cdf36cd7bb9a22e9ae44f20cf530":287008656660.9717,"0xd4a22c86cbcac289823df4b23833bee93fc880c4":1029930740.3795476,"0xd43f73b2c81e1fa55aaf7d7665481cbd0faab789":11079952024.740204,"0xd2080492c161628c962749f1c41ff6dc211feefa":2642036583325389,"0xd102b765f706004cf0b9d46952fb70b4a4604542":3592644367.9868126,"0xd0c887edaaad7b0856b8f048fae4a53d80de4225":53171230727.519196,"0xcfed01b111deaca96d9595f9530fff2722e77e43":7323090368.826843,"0xcec176e7841b5634f5450c7e67321ee8d1945ea1":3074466948.444706,"0xcea5bcdd45b8f9f5d6c245f4001097d952006e8c":17964456927.080658,"0xcca6b5689d2003b292e6eb3adc18b14f62d021ec":1780563968.4602747,"0xca408a157a606af7866de64c2ba95a9cdf385ddc":663479531186.001,"0xc97327daacc4be88d5ab2e910eb4f82351711c28":315913931413.438,"0xc83e08964b900f7b9ab03f662b6ff317866835cf":2994376989049.1133,"0xc73df1e68fc203f6e4b6270240d6f82a850e8d38":75697223066694.28,"0xc6ba6bb819f1be84efeb2e3f2697ad9818151e5d":1270931980149539.5,"0xc618d8215180e283b17d7f709fed07b9b8e712b4":51300584658.48825,"0xc5b8421dd6c1e873ce22be3b5178bbadc979786c":1622160325.7948036,"0xc4f6a96846fcc8e773158e34d166a40b3bc19898":23660564711.842056,"0xc348b5dd7c64a47ef461cd325611b7b8155d16bc":257874959144.73633,"0xc152cd87af2b3774e93ed2ad2523c90c576db5fa":34266297999.708893,"0xc04bc1996320f27c0a6018cb370c9469a9dd3a4c":1144905371654.2012,"0xc021849afaea04d019e2f8a422425f222cf11482":27989618123.983337,"0xbef1e07918ea598ec91a119d0b0e59950309d8ae":244755664358.60474,"0xbc14c6e767b48919f9a86bb06d43c994261ee1d3":795530687845.7935,"0xbbf15e008535cb93a7e2168038dc316c56faf791":42316906484.01898,"0xbac44698844f13cf0af423b19040659b688ef036":155427844.33075702,"0xb97e9fa617c5ef5cbb5e1aceeb6d6e9ce0f52aa1":2983149553.107876,"0xb79c2a75cd9073d68e75ddf71d53c07747df7933":67350690024977.78,"0xb6f28ba5470f5009f905298658a95c6e991ae6d6":210004766346.59302,"0xb57d6e248f0cc14b90659efea2931497df3eae89":131650258302.15686,"0xb56c09901fcbad33a3d5447d5218123b92df5156":124809240439586.38,"0xb4c16e9fa59d1c91b53ebd963a46a2d62777515f":86583813088992220,"0xb39d9d81ce88aa1679f0570af6e452d50358ea3f":19026214831.492302,"0xb390f006cd3eb7bab476c99a1bda1b057af14967":303874431223.2095,"0xb36975e9eaeb2a97bd129252206a9541c4d0300f":79110607389.35504,"0xb2e9bc43653bddbfe3f5f00c1159d4be2f3d0b89":3385910138690801,"0xb28948dbccc9d3f3e2173beda1853afa8ebacc0a":13547715735.559418,"0xaf7274d75217ca23d986f2aea6ad9d74a8fd00d5":149739410642.70703,"0xaf4091e6c95c9a769f75c619f1a88556fe1faec6":49669209757.74823,"0xac7e04b9b3757cd94eaeec4abaa5b754ec2c0f88":11099558607.63121,"0xabba833e2c9f66254ad3632c08df78a629edab7e":487475254605.0969,"0xaa8fc0cc0f3b49746f49b0bbd6590462a2a31f68":267043166256.64893,"0xa937f63ba1d69fd7e022fd50628b6d8fcfbde52d":1557487230852.2402,"0xa825290063db885c9bbe51e138e5f6472b53290a":105189771370.59717,"0xa70d7f7b7ff356e904b5f7afe2f41e8f9005434e":8040605415628560,"0xa6cf9bf8ecaff5300e38c0169ff45bd9a5e15116":86265088229314530,"0xa6111e55f43b7122e5682c16c339d071cbf7201a":8012191543.121765,"0xa60d2ea517ef81c6ec9fc675c28b597bd0932332":2581023557.070944,"0xa5d5be9df1741bd5dc1ba6991bfa3adfa13f3ad5":75064666381.16376,"0xa47d61d81a23e50fa0bacd591f6cc79ac96241df":2493910.164705286,"0xa33372d205dafb97bbe5434b83fb2c9fef58320e":40244525078.34473,"0xa1b29e7db725f795cafed40223445b805f0c8a7e":25293919424391130,"0x25365e93c880681a92c91bac112018a763c09e50":14623330086563217000,"0x71a2040751c495c6a74c26d4506b3d545c249c80":6160099274012635000,"0xf0282b060bb97d392af2b62303156a36ec487d0a":1411964548059463700,"0x9ee059d06a9f8eddc16ed1d24160dc530dc75be7":1078399081966257200,"0x68bec8f529f8e51a6deb56354a4c692dd9a748b7":492645609524083200,"0xaa2b2c0122d9902e41b60af819a2ed786e7981b6":455103005487469300,"0xe036192f91eb033d1fe561fbe9eee91aa2a2b999":321169533966031600,"0x08b776a6907303558433be9b9583f21d41a58dfd":282344296462316540,"0x33df8226809c6d95adf488f990cbc7a495278779":167860527958552960,"0xfb1e69e257e6dd3018e2102ced4c6e044d0b2305":140803083228499840,"0x40bdefb6dae9e82165876250c3d4e15343184504":112236935113320200,"0xc558a7ad80ae26fbfa9ae507d53729840c91ae5d":38149988672210610,"0x982ebcde433607266e8c22a8d348a1cce2eddc21":29080878702092000,"0xd1bc3491d5fd54089593e6c00fed85a931696bac":13515742558792216,"0xee49b865670383a3877ef0cac97fb69a5d680bd4":9602530563257044,"0x664fd1a25eca57a02cc1d8249dee839b9fd7f755":7185402793239848,"0x73a91f97a8fae0de515b0df99a0a58b7c996e498":6817703910960082,"0xce871133d7dfb96f282b6f031bf32380b41af5e2":2923768158865673,"0xb3be1649cce25c2e72c56492efe4c515008a6e2c":2692607359685205,"0x9ade8e39f077a61960289c73c429792b3918c410":72801665578635.6,"0x2bf674b122d8a5b1219466c8a1dab91adc1b637f":219042826792.65833,"0x5372e56628399cd2d3a21eeaf394e82b1f0fab9c":95170862240.3169,"0x8eb441e80563e1b400981a2a4bd9678bd703dc31":6329574481729606000,"0x8355be55ccf2dee00ab5cc6d62f81ea97a8ff35d":1615545223049601000,"0x17f399b82f488d2ed876239853b94c4022e6c4af":1503962021648794600,"0x2cd6cbf97ccfa8fddd49c614cd8e3ce80131723c":1469663000408414200,